social justice,other,economics,other
other,other,other,other
social justice,social justice,social justice,social justice
economics,economics,economics,economics
religion,religion,religion,religion
economics,economics,economics,other
social justice,social justice,social justice,social justice
social justice,other,social justice,social justice
other,other,other,other
other,economics,other,other
other,other,other,military
social justice,other,economics,economics
economics,economics,economics,economics
other,other,other,other
other,other,other,other
social justice,social justice,other,religion
economics,economics,economics,economics
economics,economics,economics,social justice
religion,religion,religion,religion
other,other,economics,other